seed,chunk_x,chunk_z,total_cells,open_cells,open_fraction,tile_entropy,isovist_area_mean,isovist_area_var,perimeter_mean,perimeter_var,occlusivity_mean,occlusivity_var,jaggedness_mean,jaggedness_var,clustering_mean,clustering_var,drift_mean,drift_var
1,1,1,2500,2139,0.8556,0.6796,314.756,28775.996,152.242,3562.641,0.4016,0.01468,81.0422,1297.8485,0.73727,0.018474,8.5023,21.9097
2,1,1,2500,1152,0.4608,0.5665,123.891,3101.919,76.205,1054.242,0.1733,0.01550,49.9684,723.2534,0.87995,0.015329,6.0855,17.6648
3,1,1,2500,2157,0.8628,0.5663,378.973,57896.027,146.587,6547.462,0.3469,0.04007,64.8324,1688.0255,0.77051,0.025520,8.5043,24.3266
4,1,1,2500,1875,0.7500,0.7852,128.853,3321.698,79.308,883.934,0.2904,0.02050,55.1744,1076.8057,0.80221,0.023200,5.2560,8.6675
5,1,1,2500,1843,0.7372,0.6838,234.220,13208.854,141.024,2784.059,0.4288,0.02124,91.9970,1411.7087,0.69947,0.018371,7.0950,15.2693
6,1,1,2500,1954,0.7816,0.6812,176.189,10307.331,112.255,2339.115,0.3931,0.01550,76.7861,1136.6407,0.73382,0.017244,6.2629,14.7501
7,1,1,2500,1925,0.7700,0.5322,148.389,4540.246,94.122,1683.431,0.3064,0.01435,65.5117,1562.8627,0.78794,0.017618,5.8761,15.2887
8,1,1,2500,1633,0.6532,0.5437,234.764,10182.634,100.427,1894.315,0.1792,0.03073,47.4333,788.0427,0.88203,0.023933,8.0336,25.2167
9,1,1,2500,2117,0.8468,0.6315,233.508,15292.640,101.861,1605.073,0.2909,0.02230,52.2760,923.5001,0.83010,0.019634,6.7237,13.8972
10,1,1,2500,2155,0.8620,0.7741,307.843,41442.508,137.232,4746.277,0.3654,0.02988,67.9848,1406.9647,0.76323,0.023826,7.6981,19.7684
11,1,1,2500,2245,0.8980,0.6498,338.672,12552.663,129.995,1572.793,0.3139,0.02736,54.6585,856.5886,0.82501,0.017610,7.9758,15.3570
12,1,1,2500,2268,0.9072,0.4348,548.605,58137.277,154.552,2321.021,0.2858,0.02950,53.1841,1053.1185,0.84852,0.021087,10.7291,31.0516
13,1,1,2500,2066,0.8264,0.7630,182.714,12418.029,102.923,2222.044,0.3177,0.02044,64.0760,1046.4448,0.79265,0.023955,6.7251,21.9553
14,1,1,2500,2117,0.8468,0.6547,203.067,8958.632,91.247,1201.500,0.2330,0.02592,51.1332,1437.6158,0.86064,0.016999,6.6110,13.6780
15,1,1,2500,2074,0.8296,0.6109,198.432,12752.104,114.920,3356.354,0.3650,0.03153,72.2833,1901.7566,0.74661,0.026838,5.9938,12.5340
16,1,1,2500,2095,0.8380,0.4539,255.002,18453.047,129.358,2535.225,0.3820,0.02592,71.7854,1001.6063,0.74786,0.018839,7.3794,15.2877
17,1,1,2500,1890,0.7560,0.4931,226.476,7982.888,117.652,1384.228,0.3706,0.01641,67.9898,1079.1393,0.75224,0.019037,6.7099,12.5496
18,1,1,2500,1698,0.6792,0.4086,284.748,36783.602,135.473,3909.368,0.3567,0.02572,73.9044,1308.1187,0.79207,0.019043,8.1891,22.4677
19,1,1,2500,2098,0.8392,0.6183,397.112,56875.184,146.683,3762.553,0.3770,0.01841,62.4771,979.6810,0.77258,0.018049,8.5531,19.9764
20,1,1,2500,2274,0.9096,0.5809,593.354,124532.250,184.939,4700.616,0.3925,0.01875,68.6222,928.5352,0.76450,0.020898,10.5415,30.3320
21,1,1,2500,2196,0.8784,0.7092,366.036,45308.684,150.821,3005.398,0.4052,0.01064,69.6025,748.2941,0.74749,0.017751,7.9101,19.0513
22,1,1,2500,2080,0.8320,0.6308,315.374,17185.461,147.978,3118.364,0.4103,0.01834,73.0302,1034.1996,0.72572,0.020007,7.8198,16.4874
23,1,1,2500,1971,0.7884,0.7553,284.886,30795.707,108.473,1856.341,0.2917,0.02192,49.3582,744.2958,0.83055,0.014505,7.7681,18.8391
24,1,1,2500,2496,0.9984,0.0048,2354.625,11016.837,346.748,1245.608,0.4201,0.00373,51.9340,172.2495,0.94727,0.000006,18.6510,51.5973
25,1,1,2500,2063,0.8252,0.5255,377.873,42648.762,116.575,1842.693,0.2405,0.01515,41.9738,391.2199,0.87498,0.009304,8.7773,22.3125
26,1,1,2500,2070,0.8280,0.6654,297.796,33876.945,119.774,3319.215,0.2934,0.02981,59.9052,1522.9749,0.83108,0.022936,7.6023,17.3698
27,1,1,2500,2185,0.8740,0.4494,1243.548,427207.938,155.787,2527.765,0.1185,0.00638,29.3110,532.2939,0.96746,0.004174,13.2716,46.8825
28,1,1,2500,2125,0.8500,0.4213,255.606,14418.764,129.010,2267.333,0.3925,0.01391,69.1723,707.3160,0.74448,0.018354,7.2877,14.0657
29,1,1,2500,2095,0.8380,0.7345,435.423,92728.438,124.074,2196.070,0.2597,0.02265,49.7456,1020.0314,0.88334,0.017801,8.9070,22.8884
30,1,1,2500,2014,0.8056,0.7586,245.842,15270.227,117.467,2431.771,0.3471,0.02454,61.2196,1061.5605,0.78518,0.020648,6.8079,11.8511
31,1,1,2500,2184,0.8736,0.6158,316.060,35564.492,123.168,3971.867,0.2832,0.04116,58.4767,1989.6624,0.84234,0.023563,7.3161,15.4628
32,1,1,2500,1857,0.7428,0.6566,173.879,4493.458,90.768,1238.022,0.2369,0.02640,54.3158,1237.1797,0.85617,0.019109,6.7094,15.8630
33,1,1,2500,1739,0.6956,0.6688,212.231,8560.062,101.486,2093.156,0.2704,0.02917,54.2255,1163.4684,0.82299,0.026387,7.1154,17.2657
34,1,1,2500,1996,0.7984,0.6426,273.026,21859.531,129.912,3584.323,0.3209,0.03213,72.1831,2087.3689,0.78904,0.027954,8.2403,26.1097
35,1,1,2500,2237,0.8948,0.6062,349.939,31510.123,153.691,3716.374,0.4073,0.01219,72.3076,759.2526,0.73989,0.016806,8.2231,18.5324
36,1,1,2500,2003,0.8012,0.6563,201.252,12481.369,100.408,1582.543,0.3188,0.01933,58.0043,1062.7820,0.78955,0.018367,6.3436,12.6733
37,1,1,2500,1698,0.6792,0.6764,143.143,7285.680,78.834,1114.980,0.2587,0.01367,49.2450,841.2719,0.83265,0.016202,5.5534,11.6694
38,1,1,2500,1898,0.7592,0.7675,237.193,25188.588,123.904,3816.260,0.3480,0.01953,73.7184,1421.4331,0.80080,0.018867,7.5416,22.5784
39,1,1,2500,2038,0.8152,0.7199,190.848,8061.215,96.049,1550.971,0.2776,0.02942,54.7081,1138.6617,0.81841,0.023431,6.3577,14.7766
40,1,1,2500,2153,0.8612,0.6989,258.088,12397.428,129.824,2133.843,0.3873,0.02094,71.1436,940.9912,0.76451,0.019608,7.4338,16.4536
41,1,1,2500,2180,0.8720,0.7129,249.005,13021.106,129.934,3355.100,0.3816,0.03143,74.9272,1928.2910,0.74846,0.025348,6.7367,11.5374
42,1,1,2500,2087,0.8348,0.7433,255.323,17423.598,134.562,4326.438,0.3983,0.02470,75.0643,1519.2255,0.74349,0.022292,7.0648,15.0407
43,1,1,2500,1790,0.7160,0.7172,160.372,11244.352,92.002,2119.258,0.3015,0.02536,61.4304,1478.5469,0.81466,0.022190,5.8601,14.3939
44,1,1,2500,2044,0.8176,0.7762,159.282,4651.164,91.132,1280.409,0.3339,0.01455,56.0732,912.0770,0.78376,0.018533,5.2973,9.3548
45,1,1,2500,2253,0.9012,0.4997,427.833,39988.738,204.552,4838.201,0.5076,0.01638,103.8636,1297.2848,0.68007,0.013570,9.0343,19.9813
46,1,1,2500,1309,0.5236,0.5710,185.102,9882.489,103.850,2004.291,0.2747,0.03446,64.4746,1159.0239,0.83544,0.021446,7.1861,18.2949
47,1,1,2500,2145,0.8580,0.7818,247.464,9008.485,127.513,2886.442,0.3832,0.02735,72.8778,2056.1924,0.73705,0.025676,7.2019,13.3138
48,1,1,2500,2249,0.8996,0.4707,426.544,38942.586,154.417,4297.300,0.3544,0.02506,62.1251,1095.6730,0.76992,0.020366,8.9071,20.4086
49,1,1,2500,1989,0.7956,0.4675,310.520,34061.867,108.756,1433.473,0.2503,0.01387,47.8062,862.6625,0.86781,0.012347,8.1614,17.2688
50,1,1,2500,1966,0.7864,0.7636,239.768,16152.136,115.180,3312.914,0.3292,0.03116,61.4692,1245.0538,0.79569,0.021437,7.2697,17.7489
51,1,1,2500,2150,0.8600,0.7188,422.207,68455.844,117.323,1989.476,0.2421,0.02754,45.9696,937.4193,0.88089,0.017825,8.4165,17.6162
52,1,1,2500,1822,0.7288,0.6533,257.732,27056.039,113.779,3164.300,0.3302,0.02490,60.4151,1426.4980,0.77732,0.023440,6.7806,17.9958
53,1,1,2500,2104,0.8416,0.7056,258.568,20127.309,124.515,2516.622,0.3724,0.02085,65.2691,828.1104,0.78995,0.015165,7.2484,14.3328
54,1,1,2500,1803,0.7212,0.6972,221.778,12683.051,107.110,1791.598,0.2966,0.01744,58.7873,929.0349,0.82511,0.014649,7.0191,15.4200
55,1,1,2500,2238,0.8952,0.3452,505.654,89343.586,156.028,2544.628,0.3310,0.01625,59.3024,946.7144,0.84293,0.012052,10.2820,25.0949
56,1,1,2500,1730,0.6920,0.6993,240.358,10878.479,121.947,1782.116,0.3726,0.02155,68.2413,1258.1960,0.76998,0.022114,7.2316,18.7568
57,1,1,2500,2142,0.8568,0.4320,420.870,34280.590,174.161,4456.813,0.4188,0.02747,83.3851,2364.4026,0.71464,0.024444,8.6906,16.9052
58,1,1,2500,1723,0.6892,0.6644,310.102,35074.113,129.047,2493.816,0.3171,0.01922,63.6794,1210.8151,0.82257,0.015304,8.3404,20.8007
59,1,1,2500,2050,0.8200,0.6249,188.559,8579.383,99.326,2345.948,0.2760,0.03401,59.7404,1708.0602,0.81722,0.026036,6.5651,14.1040
60,1,1,2500,2030,0.8120,0.6999,214.594,6354.464,115.377,2267.443,0.3442,0.03056,70.9113,2184.9888,0.77277,0.025339,6.7544,13.4680
61,1,1,2500,1920,0.7680,0.6637,143.459,5606.653,88.282,1585.939,0.3168,0.02562,59.2719,1204.1499,0.78801,0.023256,5.5012,12.4445
62,1,1,2500,2238,0.8952,0.5215,886.420,281556.781,185.668,5377.569,0.3409,0.01356,48.0109,664.0851,0.86746,0.007876,12.1083,43.8279
63,1,1,2500,1797,0.7188,0.7402,207.581,10215.396,98.167,1636.976,0.2615,0.02057,52.7701,855.9929,0.85344,0.014813,6.8246,15.3088
64,1,1,2500,1997,0.7988,0.7140,278.332,45435.934,115.089,2916.882,0.3272,0.01656,57.1751,732.4095,0.81196,0.013103,7.4414,22.0663
65,1,1,2500,2135,0.8540,0.5252,313.537,22778.682,141.180,3355.341,0.3524,0.02747,68.2333,1031.1256,0.79562,0.018790,7.8695,19.4551
66,1,1,2500,1825,0.7300,0.7343,154.817,3784.287,98.936,1543.233,0.3269,0.02304,67.1869,1163.0754,0.76726,0.025593,5.7736,13.4946
67,1,1,2500,1945,0.7780,0.7433,251.604,16062.096,125.136,2415.289,0.3815,0.02441,67.5119,868.0792,0.76521,0.019887,6.8991,15.8883
68,1,1,2500,2187,0.8748,0.5590,325.555,24513.236,172.861,5001.751,0.4677,0.01965,97.2100,1923.6771,0.69078,0.020734,7.8038,14.9706
69,1,1,2500,2133,0.8532,0.6799,292.718,26489.691,125.933,2189.891,0.2944,0.01520,62.3026,986.7522,0.82366,0.014446,8.9758,30.4381
70,1,1,2500,2009,0.8036,0.5800,400.471,19208.609,164.899,5221.125,0.3641,0.05656,79.5222,2528.1797,0.76199,0.031007,8.9047,18.9241
71,1,1,2500,2043,0.8172,0.6589,275.194,11238.277,154.121,3649.825,0.4368,0.01615,89.3772,1706.0074,0.70040,0.018978,7.8831,17.3243
72,1,1,2500,2205,0.8820,0.6597,506.848,51933.223,192.302,4748.008,0.4362,0.02155,77.6056,873.1220,0.72623,0.018944,9.5618,22.7264
73,1,1,2500,1774,0.7096,0.7776,459.611,104123.547,127.815,3234.222,0.2739,0.01247,43.5379,331.8129,0.84994,0.011976,8.6158,24.0587
74,1,1,2500,1939,0.7756,0.7088,313.769,34679.734,130.316,2306.081,0.3619,0.01495,64.1896,1204.9147,0.79074,0.020581,7.7985,14.9990
75,1,1,2500,1887,0.7548,0.7192,255.627,11461.512,141.249,2799.792,0.4388,0.01564,82.0074,1217.9655,0.70884,0.015613,6.7594,12.1009
76,1,1,2500,1862,0.7448,0.6678,260.128,20943.787,117.172,2855.131,0.3368,0.01884,58.8461,1139.6614,0.79626,0.013489,6.8008,18.1270
77,1,1,2500,1743,0.6972,0.7164,128.665,3300.559,78.380,1045.204,0.2861,0.01534,51.2169,798.9843,0.80888,0.018875,5.3742,11.2434
78,1,1,2500,1978,0.7912,0.5036,335.934,38630.387,129.233,2474.703,0.3061,0.02671,62.2544,1257.1290,0.81305,0.024940,7.9749,20.8357
79,1,1,2500,1747,0.6988,0.7399,176.872,7906.773,104.647,1780.600,0.3425,0.01464,65.8199,858.5245,0.78702,0.014370,6.3309,14.0416
80,1,1,2500,1663,0.6652,0.6889,195.348,6592.117,99.802,1362.760,0.2804,0.01760,57.9566,1166.0826,0.81675,0.021649,6.1007,11.2043
81,1,1,2500,1928,0.7712,0.7080,171.090,11465.366,85.128,857.691,0.2500,0.01427,50.8109,812.3626,0.83149,0.015530,6.1797,14.2536
82,1,1,2500,1450,0.5800,0.5868,250.390,17048.168,103.488,1775.527,0.2503,0.01697,48.5224,813.9517,0.84891,0.016066,6.9742,17.0918
83,1,1,2500,2123,0.8492,0.6834,239.323,14804.881,133.139,3724.720,0.4232,0.02176,77.7352,1385.3546,0.71021,0.021193,6.8353,13.2733
84,1,1,2500,1666,0.6664,0.7401,226.948,8377.021,112.879,917.350,0.3429,0.01019,62.5976,803.1753,0.78025,0.015991,6.9528,13.9746
85,1,1,2500,1503,0.6012,0.5535,120.512,1693.934,67.271,759.653,0.1826,0.02191,40.6345,594.1456,0.88482,0.016255,5.2236,11.7136
86,1,1,2500,1995,0.7980,0.6502,227.941,8583.005,105.100,1425.356,0.2947,0.03305,58.8327,1369.7356,0.81901,0.022569,6.9079,13.0352
87,1,1,2500,1863,0.7452,0.6356,232.824,14380.587,98.709,1371.618,0.2601,0.02544,51.0038,935.7139,0.85415,0.020644,6.9625,13.8986
88,1,1,2500,1375,0.5500,0.6031,164.495,5573.395,78.111,890.898,0.1734,0.01856,43.9381,876.5132,0.89751,0.011029,6.1893,18.5829
89,1,1,2500,2160,0.8640,0.5847,224.922,8325.876,105.386,1224.532,0.2641,0.01663,55.5339,1143.6632,0.84688,0.016024,7.4774,21.9600
90,1,1,2500,2166,0.8664,0.6074,216.950,4226.658,112.927,1231.312,0.3378,0.02363,64.9309,1181.1901,0.77881,0.024120,7.0052,13.5100
91,1,1,2500,1940,0.7760,0.5798,428.741,30447.148,128.557,1778.271,0.2426,0.02444,47.3750,1027.0271,0.87861,0.019377,8.7054,18.0359
92,1,1,2500,2107,0.8428,0.5539,183.756,8128.665,96.898,1316.151,0.3130,0.01418,58.7439,1094.0973,0.78777,0.016719,5.9583,11.7739
93,1,1,2500,2150,0.8600,0.6411,410.922,76690.961,178.807,8219.557,0.4434,0.02330,85.5415,1206.2271,0.70838,0.016884,9.0912,24.9282
94,1,1,2500,1315,0.5260,0.6166,189.459,6642.024,94.354,1439.241,0.2535,0.02834,52.0906,912.2263,0.84530,0.020313,6.6934,16.0135
95,1,1,2500,1432,0.5728,0.6211,325.272,42797.102,120.606,1650.551,0.2900,0.02834,61.0363,1443.2799,0.86721,0.009789,8.5430,22.7387
96,1,1,2500,2189,0.8756,0.6781,272.882,15977.902,128.501,2008.896,0.3416,0.01463,66.5461,899.5576,0.77830,0.020562,7.5433,17.1987
97,1,1,2500,1633,0.6532,0.5067,279.154,24213.877,114.377,1915.692,0.2759,0.01764,54.2214,672.7721,0.81765,0.016403,8.3500,20.2381
98,1,1,2500,1631,0.6524,0.6081,290.577,28362.592,118.363,1123.543,0.3072,0.01035,57.4028,593.8683,0.83137,0.013752,8.0551,20.2666
99,1,1,2500,1747,0.6988,0.6344,246.722,32488.650,118.334,4134.298,0.3154,0.03407,64.8513,1309.8910,0.80977,0.020239,7.6339,21.5857
100,1,1,2500,2097,0.8388,0.7929,574.866,111204.086,243.288,10993.369,0.5199,0.02197,112.6067,1924.6752,0.71521,0.011980,11.0150,36.6872
101,1,1,2500,1818,0.7272,0.7394,136.816,4233.522,72.476,757.324,0.2331,0.01788,43.9498,720.4733,0.85621,0.016963,5.2026,10.3895
102,1,1,2500,1802,0.7208,0.7194,161.721,4557.468,95.099,975.060,0.3136,0.01354,62.2325,1195.9780,0.78137,0.019069,6.2696,13.0361
103,1,1,2500,1726,0.6904,0.6945,273.594,25970.834,117.766,2875.112,0.3158,0.02636,59.4538,930.9937,0.86833,0.010511,6.9867,13.4637
104,1,1,2500,2073,0.8292,0.7837,295.061,19376.420,128.882,2723.577,0.3435,0.02492,62.0356,1243.1886,0.79266,0.018007,7.7111,19.6778
105,1,1,2500,1927,0.7708,0.6525,118.300,4042.148,73.823,1000.254,0.2438,0.01725,54.0449,1281.6913,0.82703,0.021147,5.1319,13.1404
106,1,1,2500,1795,0.7180,0.7746,251.037,18317.947,123.294,3598.680,0.3231,0.04196,65.8804,1475.3524,0.76815,0.027241,7.0261,16.9856
107,1,1,2500,1920,0.7680,0.7113,258.320,20134.781,110.338,2442.088,0.3003,0.02243,54.1693,784.0302,0.83610,0.013559,7.1282,13.2879
108,1,1,2500,2021,0.8084,0.4460,255.663,11595.896,107.255,1488.412,0.2409,0.01416,49.5833,690.4744,0.86141,0.014912,8.0898,22.0122
109,1,1,2500,1695,0.6780,0.7438,189.241,14244.961,98.468,2917.038,0.3109,0.02721,56.3805,1256.6959,0.81515,0.017397,5.5739,10.3906
110,1,1,2500,2114,0.8456,0.7667,279.074,16817.469,130.852,2511.551,0.3997,0.01644,66.5029,844.4728,0.75478,0.020793,7.1924,12.1787
111,1,1,2500,1642,0.6568,0.7353,140.600,6325.610,76.077,1007.586,0.2013,0.01810,50.3386,1328.8470,0.88329,0.016519,5.8519,12.5693
112,1,1,2500,2101,0.8404,0.5388,376.231,40407.398,149.314,3207.139,0.3537,0.02038,67.9469,1130.0795,0.77736,0.020527,8.9487,25.7799
113,1,1,2500,2164,0.8656,0.4741,331.763,32719.109,179.456,5548.146,0.4627,0.02321,104.9499,1881.9574,0.71368,0.020439,8.6959,23.5604
114,1,1,2500,1773,0.7092,0.7244,191.496,12159.382,90.627,1472.709,0.2398,0.01963,50.2942,920.3249,0.83372,0.021380,6.2436,14.9530
115,1,1,2500,2165,0.8660,0.7237,360.360,49330.469,151.182,4733.042,0.4073,0.01605,71.1629,1273.2471,0.76963,0.013659,8.4959,22.7329
116,1,1,2500,1788,0.7152,0.6076,407.053,55232.250,139.329,2709.294,0.2656,0.02087,62.2882,1229.5520,0.85358,0.018796,10.2392,33.5203
117,1,1,2500,2148,0.8592,0.4321,311.803,35266.602,147.708,4997.690,0.3929,0.02611,78.1595,1533.9153,0.72728,0.021753,8.2960,19.9042
118,1,1,2500,2117,0.8468,0.6413,360.292,57911.660,138.036,3474.718,0.3189,0.02623,64.1778,1265.8394,0.82393,0.020723,8.5213,23.0001
119,1,1,2500,1814,0.7256,0.6574,182.107,19819.438,97.926,2072.781,0.3502,0.01708,62.1447,900.3464,0.76055,0.020741,6.0509,13.1955
120,1,1,2500,1739,0.6956,0.7307,170.957,5214.313,90.700,1131.514,0.2967,0.01845,54.6474,963.5234,0.80256,0.023506,5.7055,9.9791
121,1,1,2500,1748,0.6992,0.6550,212.181,7242.312,81.704,636.127,0.1833,0.01328,36.9819,726.9380,0.90031,0.012543,6.3007,11.4113
122,1,1,2500,1734,0.6936,0.6827,200.915,11414.351,110.670,2526.875,0.3583,0.02770,67.2106,1355.9435,0.77280,0.022345,6.3187,13.0537
123,1,1,2500,2041,0.8164,0.5844,483.892,137887.672,143.142,5165.312,0.2609,0.02624,55.3408,891.9460,0.86822,0.012243,10.2753,33.2360
124,1,1,2500,1992,0.7968,0.5927,229.262,6499.695,111.447,1350.855,0.3234,0.01910,58.2844,748.6070,0.80196,0.019334,7.3193,16.3914
125,1,1,2500,1994,0.7976,0.7602,174.301,9685.808,86.905,1270.252,0.2605,0.01635,49.1231,648.0466,0.84157,0.017654,6.0207,12.6118
126,1,1,2500,1908,0.7632,0.6386,178.414,11537.368,106.776,2809.189,0.3289,0.02335,69.9457,1720.1686,0.77620,0.026151,6.2016,13.7934
127,1,1,2500,2050,0.8200,0.5652,212.064,12726.329,118.788,2986.893,0.4071,0.02915,71.9152,1437.0010,0.72292,0.025925,5.9984,11.0279
128,1,1,2500,1908,0.7632,0.6847,185.071,6392.478,100.997,1302.170,0.2954,0.01466,62.1226,1227.7878,0.79619,0.018120,6.8983,18.0740
129,1,1,2500,1835,0.7340,0.6057,953.620,195824.234,252.302,9919.427,0.4297,0.01494,72.6090,672.0560,0.83970,0.005058,13.1791,42.0405
130,1,1,2500,1171,0.4684,0.5083,151.944,6911.088,95.303,1881.568,0.2445,0.01399,64.4746,896.5660,0.81810,0.021198,6.7524,24.3251
131,1,1,2500,1920,0.7680,0.5606,409.174,57814.297,141.594,3572.859,0.3285,0.01755,55.3238,711.2952,0.78833,0.018192,9.1768,24.6887
132,1,1,2500,2086,0.8344,0.5430,249.042,18996.721,124.096,2905.084,0.3375,0.02292,68.1399,1275.3950,0.79613,0.017753,7.7275,23.8330
133,1,1,2500,2219,0.8876,0.2734,770.012,116164.852,361.079,18233.928,0.5702,0.04279,176.0553,2928.5608,0.64580,0.018917,12.3165,31.5238
134,1,1,2500,2030,0.8120,0.7801,244.931,17579.221,132.249,3221.299,0.3736,0.03219,84.7532,2452.8352,0.74464,0.028564,7.7575,21.9474
135,1,1,2500,1938,0.7752,0.7258,157.147,2978.387,96.892,921.736,0.3687,0.00966,64.2275,901.9321,0.75285,0.016007,5.6698,10.3259
136,1,1,2500,1525,0.6100,0.6922,178.058,11198.957,88.430,1461.292,0.2605,0.02390,53.9589,1225.4346,0.83902,0.022242,6.1789,15.3271
137,1,1,2500,1941,0.7764,0.7514,200.173,6415.602,113.992,2098.022,0.3396,0.01977,69.2110,1238.8323,0.77517,0.021152,6.7497,14.2280
138,1,1,2500,2190,0.8760,0.5514,263.216,14714.048,115.887,1167.059,0.3267,0.00899,56.0898,572.1590,0.80064,0.016083,7.4268,17.5540
139,1,1,2500,1952,0.7808,0.6909,216.082,12749.819,101.109,898.610,0.3249,0.02387,56.7575,1057.9524,0.80379,0.021393,6.5361,14.5781
140,1,1,2500,1758,0.7032,0.4568,580.468,132559.016,202.435,10865.615,0.4103,0.03475,79.5012,2191.4045,0.79927,0.012596,10.6996,40.9977
141,1,1,2500,1970,0.7880,0.7550,325.098,53032.195,140.173,4847.383,0.3732,0.02745,70.2830,1228.0271,0.76843,0.020619,8.1087,19.4998
142,1,1,2500,2050,0.8200,0.7326,158.229,4970.536,87.826,1453.382,0.2551,0.02741,55.6379,1266.8053,0.82673,0.024261,5.7921,14.1895
143,1,1,2500,1760,0.7040,0.7689,225.993,15016.209,119.984,2455.430,0.3512,0.02141,70.3465,1238.0675,0.76605,0.023494,6.9719,16.5215
144,1,1,2500,2099,0.8396,0.5393,190.061,9099.997,99.749,1452.664,0.3068,0.01447,57.7102,872.1627,0.80889,0.016965,6.3323,12.7657
145,1,1,2500,1822,0.7288,0.6837,145.313,6003.013,88.339,1645.884,0.2937,0.02250,61.6136,1834.6055,0.80843,0.021076,5.8502,14.6255
146,1,1,2500,1820,0.7280,0.7379,228.824,16464.701,109.082,1895.638,0.3489,0.01508,58.6209,693.1096,0.79716,0.014666,7.2445,18.4601
147,1,1,2500,1996,0.7984,0.6536,242.302,23791.416,107.018,2607.250,0.3070,0.02121,54.2355,973.3058,0.82267,0.020401,7.0902,20.8743
148,1,1,2500,1867,0.7468,0.6294,224.040,19001.055,123.763,2943.111,0.3893,0.02722,76.8421,1591.7592,0.73743,0.022421,7.0529,16.9824
149,1,1,2500,1867,0.7468,0.7605,156.543,8621.673,91.999,2219.280,0.3149,0.01935,58.9821,1091.5634,0.78865,0.021978,5.9335,14.7109
150,1,1,2500,1316,0.5264,0.5585,417.267,32591.209,151.456,2254.216,0.3204,0.01449,62.4277,618.3239,0.78710,0.019910,9.1511,24.2788
151,1,1,2500,1941,0.7764,0.6615,232.346,12287.229,113.901,2238.485,0.3392,0.02352,59.6020,809.6024,0.78383,0.022294,6.6749,10.0378
152,1,1,2500,2053,0.8212,0.7352,220.803,11735.809,117.788,1672.169,0.3724,0.01445,69.4500,1000.3660,0.73348,0.020671,7.0877,14.2072
153,1,1,2500,1756,0.7024,0.6986,151.967,4379.101,93.842,1195.722,0.3426,0.01325,63.2453,945.6998,0.75876,0.019709,5.5197,11.7381
154,1,1,2500,1973,0.7892,0.6852,182.071,6303.866,111.666,1945.559,0.3795,0.01690,75.1986,1480.2283,0.73775,0.024417,6.1765,13.7159
155,1,1,2500,2048,0.8192,0.6684,178.420,4647.924,97.900,1724.597,0.2771,0.02929,63.1832,1839.7620,0.81980,0.028704,6.5975,15.1381
156,1,1,2500,2035,0.8140,0.7359,169.208,6721.074,92.376,1398.565,0.2939,0.02390,56.9225,999.7177,0.81602,0.023327,6.0479,14.2496
157,1,1,2500,1681,0.6724,0.6668,211.337,14077.710,104.388,1686.401,0.2460,0.02062,59.3963,1027.6497,0.85383,0.016793,7.8405,28.6216
158,1,1,2500,1737,0.6948,0.6433,182.964,8263.892,90.153,728.588,0.2333,0.02587,54.1767,1070.6461,0.84420,0.021510,6.9178,21.6825
159,1,1,2500,2067,0.8268,0.6303,217.337,8337.779,125.163,2960.750,0.3766,0.03026,77.5666,1743.6761,0.74307,0.028291,6.7733,13.6845
160,1,1,2500,1539,0.6156,0.6861,127.439,3428.034,75.188,1043.510,0.2387,0.01360,47.7152,683.0374,0.84127,0.015377,5.5110,15.8178
161,1,1,2500,2027,0.8108,0.7217,262.123,14842.463,98.605,760.760,0.2458,0.01408,44.1229,708.0787,0.87432,0.012775,7.1813,13.8941
162,1,1,2500,2252,0.9008,0.3966,464.019,54692.254,129.566,1393.889,0.2769,0.00994,43.9054,617.5646,0.86609,0.009762,8.9646,18.3720
163,1,1,2500,2201,0.8804,0.3470,272.469,11334.708,107.076,1054.530,0.2810,0.01767,46.4609,466.3240,0.82538,0.017824,7.2192,14.2677
164,1,1,2500,2148,0.8592,0.6879,318.798,17731.184,156.786,2823.566,0.4521,0.01315,83.7128,1289.6976,0.67513,0.016377,7.7820,13.5635
165,1,1,2500,2137,0.8548,0.7033,239.347,15973.527,119.780,2819.469,0.3536,0.02759,69.0162,1498.3982,0.78290,0.021930,6.8633,12.9434
166,1,1,2500,1909,0.7636,0.6977,246.201,14928.619,109.753,1052.985,0.3178,0.01594,58.2201,1060.2255,0.82248,0.013219,7.3343,16.9092
167,1,1,2500,2127,0.8508,0.6402,268.063,29396.941,127.398,4216.871,0.3574,0.02585,66.3158,1303.4871,0.78397,0.018842,7.1207,15.0564
168,1,1,2500,1991,0.7964,0.5786,285.826,17077.139,120.313,1227.023,0.3566,0.02200,59.8109,1062.8097,0.77756,0.019278,7.3943,14.4003
169,1,1,2500,1929,0.7716,0.7071,188.663,8106.152,104.867,1972.702,0.3317,0.02533,60.9998,736.2815,0.76479,0.020767,6.5835,15.4372
170,1,1,2500,1863,0.7452,0.6823,169.096,8757.099,93.768,1336.561,0.2648,0.02696,61.7966,1383.6770,0.82933,0.024881,6.5646,19.2064
171,1,1,2500,1718,0.6872,0.6955,187.973,9008.644,92.163,1254.884,0.2414,0.02147,53.1514,1022.5587,0.84297,0.020034,6.5258,16.8728
172,1,1,2500,2010,0.8040,0.6244,267.563,25338.809,120.157,2282.505,0.3234,0.02260,62.4013,877.4046,0.81780,0.017144,7.7354,19.4734
173,1,1,2500,1931,0.7724,0.7122,257.821,18244.244,132.157,3315.162,0.3692,0.02586,75.7597,1475.6444,0.75859,0.022124,7.8535,17.4023
174,1,1,2500,1763,0.7052,0.5795,311.995,20352.561,131.629,1406.580,0.3550,0.00983,62.6729,614.6488,0.78718,0.012166,8.4865,20.7258
175,1,1,2500,2028,0.8112,0.7256,247.234,23644.922,142.872,4815.662,0.4319,0.02603,88.5925,1525.9121,0.70215,0.024868,7.0565,15.7008
176,1,1,2500,2144,0.8576,0.6641,246.715,27780.971,109.746,2687.378,0.3025,0.02106,56.4896,1005.3544,0.82669,0.017263,6.6959,16.5225
177,1,1,2500,2058,0.8232,0.7219,294.115,21402.148,122.033,2181.575,0.3198,0.02217,59.6055,1290.8755,0.79903,0.025958,7.5094,15.6154
178,1,1,2500,2104,0.8416,0.4866,186.335,8518.808,88.202,1041.577,0.2500,0.01370,48.3343,883.4946,0.82446,0.018328,6.0567,14.2656
179,1,1,2500,2251,0.9004,0.4684,520.607,54208.117,150.785,1625.980,0.2987,0.01433,49.8263,360.4834,0.86551,0.010525,10.4044,28.1574
180,1,1,2500,2132,0.8528,0.6898,194.584,9498.873,118.968,2684.091,0.4051,0.02417,79.3318,1894.0400,0.70771,0.025923,6.1861,11.6003
181,1,1,2500,2176,0.8704,0.6482,289.527,31471.354,132.742,2675.539,0.3866,0.01071,68.5363,874.0418,0.76894,0.016155,7.3279,16.3559
182,1,1,2500,1578,0.6312,0.4771,428.864,29961.893,142.115,2585.705,0.3183,0.02796,52.1850,767.7296,0.81228,0.023725,8.0827,17.2342
183,1,1,2500,2109,0.8436,0.5005,527.342,95357.258,172.230,4999.792,0.3968,0.01147,63.9642,896.1481,0.76563,0.016149,9.2528,21.0518
184,1,1,2500,2185,0.8740,0.5959,347.441,36190.379,122.421,2029.521,0.3141,0.02454,57.5025,1681.0734,0.81894,0.020026,7.6831,15.7503
185,1,1,2500,1953,0.7812,0.7260,327.113,47280.949,155.919,7847.857,0.4122,0.03755,80.1627,2163.9363,0.73673,0.022412,7.6055,21.5444
186,1,1,2500,1867,0.7468,0.7033,327.595,37234.520,107.960,1861.151,0.2408,0.02351,46.6694,1067.4058,0.88526,0.015605,7.7597,17.6749
187,1,1,2500,2134,0.8536,0.5762,320.031,25309.701,123.619,2467.666,0.2512,0.01925,54.1309,809.1941,0.84215,0.017192,8.7867,31.6679
188,1,1,2500,2118,0.8472,0.3967,455.381,117289.047,157.467,6444.681,0.3437,0.02407,64.7868,786.0615,0.82218,0.009550,8.9974,26.5752
189,1,1,2500,2111,0.8444,0.7845,283.227,13431.280,154.515,3519.527,0.4271,0.02030,88.0984,1610.4393,0.70232,0.021162,7.4286,18.3799
190,1,1,2500,1673,0.6692,0.7607,184.473,7522.623,97.244,1632.311,0.3113,0.02439,56.1519,817.0727,0.79402,0.022213,6.4157,15.2579
191,1,1,2500,1799,0.7196,0.6823,115.835,3141.342,79.223,1295.701,0.2722,0.02318,60.1890,1602.6737,0.81829,0.021009,5.5839,15.2033
192,1,1,2500,1499,0.5996,0.7136,102.418,1979.304,67.664,961.985,0.2186,0.01565,49.0068,952.9561,0.85665,0.019252,5.0682,14.7734
193,1,1,2500,1810,0.7240,0.6971,239.323,18245.279,114.954,2258.858,0.3484,0.01885,64.1282,1272.0065,0.78442,0.017882,6.9439,17.8252
194,1,1,2500,1833,0.7332,0.5503,159.432,8351.667,85.189,1434.009,0.2317,0.01452,50.5428,801.9459,0.84092,0.016755,6.3345,16.9797
195,1,1,2500,2190,0.8760,0.6799,310.512,24976.287,151.420,5406.897,0.3998,0.02764,77.6616,1710.3317,0.73453,0.023422,7.6253,18.6607
196,1,1,2500,2198,0.8792,0.5765,352.313,36288.238,113.860,1249.044,0.2511,0.02845,49.5180,1224.4033,0.85565,0.024329,7.8615,15.8272
197,1,1,2500,2192,0.8768,0.6638,479.355,85733.055,162.215,6329.741,0.3244,0.03461,63.2976,1251.6511,0.82250,0.020374,9.7953,26.8088
198,1,1,2500,2129,0.8516,0.7394,188.042,8672.914,94.797,1752.776,0.2791,0.02597,54.7301,1264.7294,0.80944,0.023347,5.8778,11.5589
199,1,1,2500,1768,0.7072,0.6400,235.258,14005.209,97.894,1036.732,0.2752,0.01252,47.4735,555.9864,0.83897,0.011317,6.7755,13.4995
200,1,1,2500,1611,0.6444,0.6818,298.328,11061.457,129.034,2162.136,0.3148,0.02551,59.4746,756.8123,0.81164,0.017545,8.3361,21.4247
